disputed_amount_missing,disputed_amount,quantity_missing,quantity,account_age_days_missing,account_age_days,previous_orders_missing,previous_orders,previous_chargebacks_missing,previous_chargebacks,previous_returns_missing,previous_returns,previous_failed_payments_missing,previous_failed_payments,avg_order_value_missing,avg_order_value,claim_delay_days_missing,claim_delay_days,days_to_deliver_missing,days_to_deliver,device_shared_accounts_missing,device_shared_accounts,ip_geo_distance_km_missing,ip_geo_distance_km,txns_last_24h_missing,txns_last_24h,has_tracking,device_seen_before,shipping_billing_match,chargeback_reason__product_not_received,chargeback_reason__unauthorized_transaction,chargeback_reason__product_not_as_described,payment_method__credit_card,payment_method__debit_card,payment_method__upi,payment_method__netbanking,payment_method__wallet,delivery_status__delivered,delivery_status__in_transit,delivery_status__failed,delivery_status__returned_to_sender,delivery_status__unknown,delivery_confirmation__signed,delivery_confirmation__otp,delivery_confirmation__photo,delivery_confirmation__none,amount_over_aov,log_amount,orders_per_month,chargeback_rate,delivered_with_confirmation,pnr_but_delivered,pnr_but_confirmed,unauth_but_known_device,new_account_high_value
0,9031.88,0,2.0,0,563.6,0,46.0,0,0.0,0,1.0,0,0.0,0,1074.9,0,4.4,0,2.2,0,3.0,0,77.8,0,5.0,1,0,1,0,1,0,0,1,0,0,0,1,0,0,0,0,1,0,0,0,8.402530467950506,9.108626532438553,2.4485450674237046,0.0,1,0,0,0,0
0,738.69,0,3.0,0,729.1,0,17.0,0,0.0,0,3.0,0,0.0,0,2517.38,0,7.3,0,2.1,0,1.0,0,14.2,0,1.0,1,1,1,1,0,0,0,0,0,1,0,1,0,0,0,0,0,0,0,1,0.293436032700665,6.606231179508253,0.6994925250308599,0.0,0,1,0,0,0
0,4760.77,0,2.0,0,209.4,0,13.0,0,0.0,0,1.0,0,0.0,0,2794.82,0,18.1,0,2.2,0,1.0,0,43.8,0,2.0,1,1,1,0,0,1,0,0,1,0,0,1,0,0,0,0,0,0,1,0,1.7034263387266444,8.468374726846353,1.8624641833810887,0.0,1,0,0,0,0
0,1751.79,0,2.0,0,336.4,0,6.0,0,0.0,0,2.0,0,0.0,0,923.32,0,14.0,0,1.8,0,0.0,0,5.2,0,1.0,1,1,1,0,0,1,0,0,0,1,0,1,0,0,0,0,0,0,1,0,1.8972728848070006,7.46896408310752,0.535077288941736,0.0,1,0,0,0,0
0,4387.78,0,2.0,0,130.0,0,1.0,0,0.0,0,2.0,0,0.0,0,1147.28,0,4.9,0,3.5,0,0.0,0,4.1,0,2.0,1,1,0,1,0,0,1,0,0,0,0,1,0,0,0,0,0,0,1,0,3.8245066592287844,8.386806563118634,0.23076923076923078,0.0,1,1,1,0,0
0,4807.95,0,1.0,0,307.0,0,1.0,0,2.0,0,1.0,0,0.0,0,1276.31,0,19.3,0,6.9,0,0.0,0,6.2,0,2.0,1,1,1,0,1,0,1,0,0,0,0,1,0,0,0,0,0,0,1,0,3.767070695990786,8.478234044051643,0.09771986970684039,1.0,1,0,0,1,0
0,9246.55,0,2.0,0,892.4,0,45.0,0,0.0,0,0.0,0,0.0,0,715.9,0,20.9,0,1.6,0,0.0,0,2.8,0,4.0,1,0,1,1,0,0,0,0,1,0,0,1,0,0,0,0,0,1,0,0,12.915979885458862,9.132113930558713,1.5127745405647692,0.0,1,1,1,0,0
0,1479.78,0,2.0,0,37.7,0,2.0,0,1.0,0,2.0,0,2.0,0,2345.68,0,13.9,0,1.1,0,0.0,0,10.1,0,3.0,1,0,1,0,0,1,0,0,0,1,0,1,0,0,0,0,1,0,0,0,0.6308533133249208,7.30032425495522,1.5915119363395223,0.3333333333333333,1,0,0,0,0
0,2075.61,0,2.0,0,625.7,0,90.0,0,0.0,0,1.0,0,0.0,0,1447.84,0,8.9,0,2.2,0,0.0,0,4.9,0,3.0,0,1,1,1,0,0,1,0,0,0,0,1,0,0,0,0,0,0,1,0,1.4335907282572662,7.638492035421661,4.3151670129455,0.0,1,1,1,0,0
0,4976.14,0,1.0,0,101.9,0,3.0,0,0.0,0,2.0,0,2.0,0,2450.25,0,26.8,0,2.7,0,0.0,0,2.0,0,2.0,1,1,1,1,0,0,0,0,1,0,0,1,0,0,0,0,0,0,0,1,2.030870319355168,8.512610707858148,0.8832188420019627,0.0,0,1,0,0,0
0,1053.52,0,2.0,0,475.3,0,46.0,0,0.0,0,2.0,0,0.0,0,3344.82,0,14.4,0,1.8,0,0.0,0,15.3,0,1.0,1,1,1,1,0,0,1,0,0,0,0,1,0,0,0,0,0,0,1,0,0.3149706112735513,6.960840966073726,2.903429413002314,0.0,1,1,1,0,0
0,9864.14,0,1.0,0,787.0,0,23.0,0,0.0,0,0.0,0,0.0,0,8820.82,0,0.8,0,1.2,0,0.0,0,41.0,0,1.0,1,0,1,1,0,0,0,0,1,0,0,1,0,0,0,0,0,0,0,1,1.1182792529492722,9.196762609942432,0.8767471410419313,0.0,0,1,0,0,0
0,1707.36,0,1.0,0,1349.1,0,6.0,0,0.0,0,2.0,0,0.0,0,613.61,0,5.0,1,-1.0,0,0.0,0,3.0,0,1.0,1,0,1,1,0,0,1,0,0,0,0,0,0,1,0,0,0,0,0,1,2.7824839882009744,7.4432891249727655,0.133422281521014,0.0,0,0,0,0,0
0,15617.22,0,1.0,0,993.7,0,37.0,0,0.0,0,1.0,0,1.0,0,1466.96,0,5.7,0,2.1,0,2.0,0,10.4,0,1.0,1,1,1,0,0,1,0,0,0,1,0,1,0,0,0,0,0,0,1,0,10.645975350384468,9.656193460434077,1.1170373352118346,0.0,1,0,0,0,0
0,9340.25,0,1.0,0,176.1,0,4.0,0,0.0,0,2.0,0,0.0,0,1612.78,0,29.6,1,-1.0,0,0.0,0,63.5,0,1.0,1,1,1,1,0,0,0,0,0,0,1,0,0,0,0,1,1,0,0,0,5.791397462766155,9.1421953552445,0.6814310051107325,0.0,0,0,0,0,0
0,25841.71,0,2.0,0,735.7,0,56.0,0,1.0,0,2.0,0,0.0,0,1171.85,0,2.6,0,3.9,0,0.0,0,129.2,0,1.0,1,1,1,0,0,1,0,0,0,1,0,1,0,0,0,0,0,1,0,0,22.052062977343518,10.159783828558409,2.283539486203616,0.017543859649122806,1,0,0,0,0
0,1373.89,0,1.0,0,524.0,0,68.0,0,1.0,0,0.0,0,0.0,0,1711.89,0,0.9,1,-1.0,0,0.0,0,5.8,0,2.0,1,1,1,1,0,0,0,0,0,0,1,0,0,0,0,1,0,0,0,1,0.8025574073100491,7.226129006900501,3.893129770992367,0.014492753623188406,0,0,0,0,0
0,6033.64,0,1.0,0,367.6,0,6.0,0,4.0,0,4.0,0,2.0,0,3696.95,0,6.8,0,2.1,0,0.0,0,33.1,0,3.0,1,1,1,1,0,0,0,0,0,0,1,1,0,0,0,0,0,0,0,1,1.6320588593299885,8.705271479722553,0.48966267682263326,0.5714285714285714,0,1,0,0,0
0,3661.8,0,1.0,0,76.3,0,0.0,0,0.0,0,3.0,0,0.0,0,2778.24,0,26.6,0,1.0,0,0.0,0,24.5,0,2.0,1,1,1,1,0,0,0,0,1,0,0,1,0,0,0,0,1,0,0,0,1.3180286800276435,8.205983161233577,0.0,0.0,1,1,1,0,0
0,2991.97,0,2.0,0,270.5,0,5.0,0,0.0,0,1.0,0,0.0,0,1563.65,0,5.7,1,-1.0,0,0.0,0,10.7,0,1.0,1,1,1,1,0,0,0,0,1,0,0,0,0,1,0,0,0,0,0,1,1.9134524989607646,8.00402148441456,0.55452865064695,0.0,0,0,0,0,0
0,2701.59,0,2.0,0,740.7,0,26.0,0,0.0,0,0.0,0,0.0,0,2743.36,0,19.0,0,2.7,0,0.0,0,107.6,0,4.0,1,1,1,0,1,0,0,0,1,0,0,1,0,0,0,0,1,0,0,0,0.9847741455733116,7.901965851456535,1.0530579181855002,0.0,1,0,0,1,0
0,6408.86,0,1.0,0,874.2,0,19.0,0,1.0,0,1.0,0,0.0,0,1376.96,0,1.6,1,-1.0,0,1.0,0,22.2,0,2.0,1,1,1,1,0,0,0,0,0,1,0,0,0,0,1,0,0,0,0,1,4.654354520102254,8.765592708802565,0.6520247083047358,0.05,0,0,0,0,0
0,824.17,0,1.0,0,759.1,0,90.0,0,0.0,0,1.0,0,0.0,0,2440.84,0,5.4,1,-1.0,0,0.0,0,12.0,0,3.0,1,1,1,1,0,0,0,0,1,0,0,0,0,0,1,0,0,0,0,1,0.3376583471263991,6.715589425713171,3.556843630615202,0.0,0,0,0,0,0
0,10346.71,0,1.0,0,43.5,0,1.0,0,0.0,0,1.0,0,0.0,0,2405.66,0,19.3,1,-1.0,0,0.0,0,25.3,0,1.0,1,1,1,0,1,0,0,0,1,0,0,0,1,0,0,0,1,0,0,0,4.300986007997805,9.24452051817414,0.6896551724137931,0.0,0,0,0,1,1
0,4492.09,0,2.0,0,91.2,0,2.0,0,0.0,0,0.0,0,0.0,0,707.77,0,10.6,0,5.4,0,1.0,0,12.7,0,2.0,0,1,1,0,0,1,0,1,0,0,0,1,0,0,0,0,0,0,1,0,6.346821707616882,8.41029594002912,0.6578947368421053,0.0,1,0,0,0,0
0,4530.16,0,1.0,0,1482.7,0,96.0,0,0.0,0,1.0,0,1.0,0,1829.14,0,13.7,0,1.0,0,0.0,0,45.1,0,2.0,1,1,1,0,0,1,0,0,0,0,1,1,0,0,0,0,1,0,0,0,2.476661163169577,8.418733256336767,1.9424023740473462,0.0,1,0,0,0,0
0,1264.26,0,1.0,0,577.5,0,41.0,0,0.0,0,0.0,0,1.0,0,1095.63,0,5.3,1,-1.0,0,0.0,0,3.0,0,2.0,1,1,1,1,0,0,0,1,0,0,0,0,0,0,1,0,0,0,0,1,1.1539114482078803,7.143032913639322,2.1298701298701297,0.0,0,0,0,0,0
0,4678.11,0,1.0,0,685.1,0,32.0,0,0.0,0,0.0,0,2.0,0,3304.06,0,3.6,0,4.7,0,0.0,0,121.3,0,3.0,0,0,0,0,1,0,0,1,0,0,0,1,0,0,0,0,0,0,1,0,1.4158671452697589,8.450863199886735,1.4012552911983653,0.0,1,0,0,0,0
0,1414.1,0,1.0,0,1524.2,0,16.0,0,0.0,0,1.0,0,0.0,0,3962.96,0,7.3,0,2.0,0,0.0,0,14.8,0,1.0,1,1,1,0,0,1,1,0,0,0,0,1,0,0,0,0,1,0,0,0,0.35682923875083267,7.254955478958325,0.31491930192888073,0.0,1,0,0,0,0
0,7120.17,0,1.0,0,266.8,0,12.0,0,0.0,0,4.0,0,1.0,0,613.1,0,3.1,0,1.3,0,0.0,0,4.9,0,2.0,1,1,1,0,0,1,0,1,0,0,0,1,0,0,0,0,0,1,0,0,11.613390963953679,8.870827316748706,1.349325337331334,0.0,1,0,0,0,0
0,7588.26,0,1.0,0,186.3,0,11.0,0,0.0,0,4.0,0,1.0,0,5016.66,0,10.6,0,4.3,0,0.0,0,5.0,0,2.0,1,1,1,0,1,0,0,0,1,0,0,1,0,0,0,0,0,0,0,1,1.5126119768929926,8.93448936893037,1.7713365539452497,0.0,0,0,0,1,0
0,2269.34,0,1.0,0,76.7,0,1.0,0,1.0,0,1.0,0,0.0,0,2641.21,0,14.4,0,5.3,0,0.0,0,28.9,0,2.0,1,1,1,1,0,0,0,0,1,0,0,1,0,0,0,0,1,0,0,0,0.8592046827022464,7.727684878995267,0.39113428943937417,0.5,1,1,1,0,0
0,3901.46,0,1.0,0,402.1,0,9.0,0,0.0,0,2.0,0,0.0,0,2545.58,0,14.6,1,-1.0,0,0.0,0,7.1,0,4.0,1,0,1,0,1,0,1,0,0,0,0,0,0,0,0,1,0,1,0,0,1.5326408912703589,8.269362402497212,0.6714747575230042,0.0,0,0,0,0,0
0,10022.56,0,1.0,0,707.1,0,12.0,0,0.0,0,3.0,0,1.0,0,3370.12,0,1.1,0,3.4,0,0.0,0,6.1,0,3.0,1,1,0,1,0,0,1,0,0,0,0,1,0,0,0,0,0,0,0,1,2.97394751522201,9.212693600959673,0.5091217649554518,0.0,0,1,0,0,0
0,3190.53,0,2.0,0,87.1,0,3.0,0,0.0,0,1.0,0,1.0,0,594.1,0,26.4,0,1.0,0,0.0,0,38.3,0,4.0,1,1,1,0,1,0,0,0,0,0,1,1,0,0,0,0,1,0,0,0,5.370358525500758,8.068255704620599,1.0332950631458093,0.0,1,0,0,1,0
0,12663.24,0,1.0,0,381.3,0,6.0,0,0.0,0,1.0,0,0.0,0,1552.02,0,12.6,1,-1.0,0,1.0,0,241.5,0,3.0,1,0,0,0,1,0,0,0,1,0,0,0,1,0,0,0,1,0,0,0,8.159198979394596,9.446537552739454,0.47206923682140045,0.0,0,0,0,0,0
0,34273.3,0,1.0,0,215.0,0,9.0,0,1.0,0,0.0,0,0.0,0,1323.97,0,10.5,0,1.1,0,1.0,0,10.2,0,1.0,1,1,1,1,0,0,0,0,0,0,1,1,0,0,0,0,0,1,0,0,25.886764805849076,10.442151081173092,1.255813953488372,0.1,1,1,1,0,0
0,6697.45,0,1.0,0,321.2,0,38.0,0,0.0,0,1.0,0,1.0,0,407.33,0,16.7,0,2.8,0,1.0,0,1.6,0,1.0,1,0,1,0,1,0,0,1,0,0,0,1,0,0,0,0,0,0,0,1,16.442319495249553,8.80963143533149,3.5491905354919053,0.0,0,0,0,0,0
0,2966.2,0,1.0,0,1454.4,0,265.0,0,1.0,0,0.0,0,1.0,0,866.49,0,7.7,1,-1.0,0,0.0,0,4.4,0,1.0,1,1,1,1,0,0,1,0,0,0,0,0,1,0,0,0,0,0,0,1,3.4232362750868446,7.995374026175381,5.466171617161716,0.0037593984962406013,0,0,0,0,0
0,4715.25,0,1.0,0,484.3,0,15.0,0,0.0,0,0.0,0,0.0,0,923.11,0,3.7,0,5.6,0,2.0,0,224.5,0,4.0,1,0,0,0,1,0,0,1,0,0,0,1,0,0,0,0,0,1,0,0,5.108004463173403,8.45876927127852,0.9291761304976254,0.0,1,0,0,0,0
0,9058.97,0,1.0,0,260.4,0,18.0,0,0.0,0,2.0,0,5.0,0,2672.37,0,5.2,0,2.0,0,2.0,0,42.1,0,2.0,0,1,1,1,0,0,1,0,0,0,0,1,0,0,0,0,0,0,0,1,3.389863679056418,9.111621087773264,2.0737327188940093,0.0,0,1,0,0,0
0,3406.05,0,1.0,0,174.2,0,27.0,0,0.0,0,3.0,0,1.0,0,3541.52,0,11.7,0,4.8,0,0.0,0,76.2,0,1.0,1,1,1,1,0,0,0,1,0,0,0,1,0,0,0,0,1,0,0,0,0.9617480629786082,8.133602093221024,4.649827784156142,0.0,1,1,1,0,0
0,9282.52,0,2.0,0,456.7,0,9.0,0,0.0,0,0.0,0,0.0,0,1571.69,0,13.0,1,-1.0,0,0.0,0,8.6,0,1.0,0,1,0,1,0,0,1,0,0,0,0,0,0,0,0,1,0,0,0,1,5.906075625600469,9.135996064205091,0.5911977227939567,0.0,0,0,0,0,0
0,1951.55,0,1.0,0,896.9,0,13.0,0,0.0,0,1.0,0,0.0,0,3205.4,0,10.8,1,-1.0,0,0.0,0,54.5,0,1.0,1,1,1,1,0,0,0,0,1,0,0,0,1,0,0,0,0,0,0,1,0.608831971048855,7.5768914895805795,0.43483108484780914,0.0,0,0,0,0,0
0,733.5,0,1.0,0,183.9,0,11.0,0,0.0,0,2.0,0,2.0,0,8844.12,0,8.9,1,-1.0,0,0.0,0,9.0,0,1.0,1,1,1,1,0,0,0,0,0,0,1,0,0,0,0,1,0,0,0,1,0.08293645947816175,6.599189995613932,1.7944535073409462,0.0,0,0,0,0,0
0,4481.04,0,1.0,0,335.5,0,16.0,0,0.0,0,0.0,0,0.0,0,2459.44,0,2.8,1,-1.0,0,0.0,0,11.2,0,1.0,1,1,1,1,0,0,0,0,1,0,0,0,0,1,0,0,0,0,0,1,1.8219757343135021,8.407833578908287,1.4307004470938898,0.0,0,0,0,0,0
0,1926.8,0,1.0,0,354.9,0,13.0,0,0.0,0,1.0,0,0.0,0,5831.41,0,1.3,1,-1.0,0,0.0,0,30.5,0,2.0,1,1,0,1,0,0,0,0,1,0,0,0,1,0,0,0,0,0,0,1,0.33041751480345233,7.564134735349867,1.098901098901099,0.0,0,0,0,0,0
0,2331.07,0,3.0,0,560.7,0,11.0,0,0.0,0,0.0,0,2.0,0,1040.92,0,9.0,1,-1.0,0,0.0,0,16.5,0,1.0,1,1,0,1,0,0,0,0,0,0,1,0,1,0,0,0,0,0,0,1,2.2394324251623563,7.754511564172536,0.5885500267522739,0.0,0,0,0,0,0
0,9117.08,0,1.0,0,598.6,0,7.0,0,0.0,0,0.0,0,2.0,0,2220.19,0,5.5,1,-1.0,0,0.0,0,14.6,0,2.0,1,1,1,1,0,0,0,1,0,0,0,0,0,0,0,1,0,0,0,1,4.106441340605984,9.118014534588813,0.35081857667891747,0.0,0,0,0,0,0
0,6281.4,0,2.0,0,203.2,0,8.0,0,0.0,0,5.0,0,3.0,0,5414.45,0,2.4,1,-1.0,0,0.0,0,11.9,0,1.0,1,1,1,1,0,0,0,1,0,0,0,0,0,0,0,1,0,0,0,1,1.1601178328362067,8.745507352060665,1.1811023622047245,0.0,0,0,0,0,0
0,12643.3,0,1.0,0,1215.6,0,6.0,0,0.0,0,0.0,0,0.0,0,1404.13,0,18.7,1,-1.0,0,2.0,0,7.0,0,4.0,1,1,1,1,0,0,0,0,1,0,0,0,0,0,0,1,0,0,1,0,9.004365692635297,9.444961799722812,0.1480750246791708,0.0,0,0,0,0,0
0,7949.95,0,1.0,0,502.9,0,38.0,0,0.0,0,1.0,0,1.0,0,860.15,0,1.5,1,-1.0,0,1.0,0,4.1,0,1.0,0,1,0,1,0,0,0,0,1,0,0,0,0,0,0,1,0,0,0,1,9.24251584026042,8.981046697364542,2.2668522569099228,0.0,0,0,0,0,0
0,3028.7,0,2.0,0,161.2,0,4.0,0,1.0,0,2.0,0,0.0,0,3119.31,0,16.3,0,5.9,0,0.0,0,41.9,0,1.0,1,1,1,0,1,0,0,0,0,1,0,1,0,0,0,0,0,0,0,1,0.9709519092363375,8.01621888370062,0.7444168734491315,0.2,0,0,0,1,0
0,3163.68,0,2.0,0,635.9,0,10.0,0,0.0,0,0.0,0,0.0,0,2334.98,0,15.9,0,1.0,0,0.0,0,50.4,0,2.0,1,1,1,0,1,0,0,0,0,0,1,1,0,0,0,0,0,0,0,1,1.3549066801428704,8.059807223621554,0.47177229124076114,0.0,0,0,0,1,0
0,5236.65,0,1.0,0,252.4,0,19.0,0,2.0,0,0.0,0,3.0,0,2032.54,0,19.0,0,2.1,0,0.0,0,7.8,0,2.0,1,1,1,1,0,0,0,0,1,0,0,1,0,0,0,0,1,0,0,0,2.5764068603815913,8.563628203438425,2.258320126782884,0.1,1,1,1,0,0
0,3376.55,0,2.0,0,337.1,0,20.0,0,1.0,0,3.0,0,1.0,0,4404.06,0,18.9,0,1.0,0,0.0,0,12.2,0,1.0,1,1,1,0,0,1,0,0,1,0,0,1,0,0,0,0,0,1,0,0,0.7666902812404917,8.124905873573779,1.779887273805992,0.047619047619047616,1,0,0,0,0
0,9753.53,0,2.0,0,916.0,0,20.0,0,1.0,0,3.0,0,0.0,0,1287.59,0,8.8,0,3.9,0,0.0,0,30.5,0,4.0,1,0,1,0,0,1,1,0,0,0,0,1,0,0,0,0,0,0,1,0,7.575027765049435,9.185487071476201,0.6550218340611353,0.047619047619047616,1,0,0,0,0
0,1958.86,0,1.0,0,446.1,0,10.0,0,0.0,0,0.0,0,1.0,0,3845.29,0,4.4,0,5.7,0,0.0,0,24.3,0,2.0,1,1,1,0,0,1,0,0,1,0,0,1,0,0,0,0,1,0,0,0,0.5094180152862333,7.580628321101992,0.6724949562878278,0.0,1,0,0,0,0
0,1795.47,0,1.0,0,948.9,0,23.0,0,0.0,0,3.0,0,0.0,0,912.95,0,2.3,1,-1.0,0,0.0,0,25.9,0,2.0,1,1,1,1,0,0,0,1,0,0,0,0,0,0,0,1,0,0,0,1,1.966668492250397,7.49357890727693,0.7271577616187165,0.0,0,0,0,0,0
0,1259.52,0,1.0,0,165.3,0,6.0,0,0.0,0,3.0,0,0.0,0,7062.8,0,13.4,0,1.2,0,0.0,0,15.2,0,2.0,1,0,1,1,0,0,1,0,0,0,0,1,0,0,0,0,0,0,1,0,0.17833153989919012,7.139279613221655,1.0889292196007259,0.0,1,1,1,0,0
0,1857.96,0,1.0,0,1461.8,0,75.0,0,0.0,0,1.0,0,0.0,0,3235.86,0,0.6,0,1.6,0,1.0,0,25.7,0,1.0,1,1,1,0,0,1,0,0,1,0,0,1,0,0,0,0,0,0,0,1,0.5741781164821717,7.527772470545357,1.539198248734437,0.0,0,0,0,0,0
0,6658.26,0,1.0,0,641.1,0,42.0,0,0.0,0,0.0,0,0.0,0,5148.64,0,10.5,0,3.2,0,0.0,0,18.7,0,2.0,1,0,0,0,1,0,0,0,0,0,1,1,0,0,0,0,0,0,1,0,1.2932075266478138,8.803763646250028,1.9653720168460458,0.0,1,0,0,0,0
0,3824.87,0,1.0,0,356.3,0,11.0,0,1.0,0,1.0,0,0.0,0,2534.69,0,6.9,1,-1.0,0,1.0,0,35.1,0,1.0,1,1,1,1,0,0,0,0,1,0,0,0,0,0,0,1,0,0,1,0,1.5090089912375872,8.249541171377976,0.9261857984844232,0.08333333333333333,0,0,0,0,0
0,11889.95,0,2.0,0,952.3,0,210.0,0,0.0,0,1.0,0,0.0,0,1282.93,0,10.8,0,2.4,0,1.0,0,156.5,0,7.0,1,0,0,0,1,0,0,1,0,0,0,1,0,0,0,0,0,0,0,1,9.267808843818447,9.38353288556792,6.615562322797438,0.0,0,0,0,0,0
0,36084.15,0,1.0,0,1209.9,0,19.0,0,0.0,0,0.0,0,0.0,0,1802.44,0,12.5,0,5.1,0,0.0,0,39.7,0,1.0,1,0,0,1,0,0,1,0,0,0,0,1,0,0,0,0,0,1,0,0,20.019612303322162,10.493636702349612,0.4711133151500123,0.0,1,1,1,0,0
0,26098.51,0,1.0,0,1038.4,0,29.0,0,0.0,0,0.0,0,0.0,0,2071.32,0,8.8,0,1.1,0,2.0,0,1118.5,0,2.0,0,0,0,0,1,0,0,0,0,1,0,1,0,0,0,0,0,0,0,1,12.599941100361121,10.169671819188192,0.8378274268104776,0.0,0,0,0,0,0
0,471.35,0,2.0,0,444.2,0,16.0,0,0.0,0,0.0,0,0.0,0,1282.58,0,5.9,0,4.5,0,0.0,0,35.3,0,1.0,1,1,1,0,0,1,0,0,1,0,0,1,0,0,0,0,0,1,0,0,0.36750144240515215,6.157720236215144,1.080594326879784,0.0,1,0,0,0,0
0,10125.88,0,2.0,0,277.2,0,15.0,0,0.0,0,3.0,0,1.0,0,3499.72,0,6.9,0,4.3,0,0.0,0,12.2,0,2.0,1,1,1,0,0,1,0,1,0,0,0,1,0,0,0,0,0,1,0,0,2.893340038631662,9.222948553750872,1.6233766233766234,0.0,1,0,0,0,0
0,3994.2,0,1.0,0,761.7,0,49.0,0,1.0,0,1.0,0,0.0,0,2101.46,0,4.8,0,2.0,0,0.0,0,17.7,0,2.0,1,1,1,0,0,1,0,0,0,1,0,1,0,0,0,0,0,0,0,1,1.900678575847268,8.29284891952551,1.9298936589208349,0.02,0,0,0,0,0
0,1124.81,0,1.0,0,717.8,0,21.0,0,0.0,0,1.0,0,0.0,0,2562.27,0,2.1,0,1.0,0,0.0,0,27.2,0,4.0,1,0,1,0,0,1,0,0,0,0,1,1,0,0,0,0,0,1,0,0,0.4389896458999247,7.026258055562869,0.877681805516857,0.0,1,0,0,0,0
0,6669.26,0,1.0,0,941.9,0,69.0,0,0.0,0,1.0,0,0.0,0,2395.37,0,7.8,0,3.3,0,4.0,0,32.5,0,5.0,1,0,0,0,1,0,0,0,1,0,0,1,0,0,0,0,0,0,0,1,2.7842295762241327,8.805414118659694,2.1976855292493895,0.0,0,0,0,0,0
0,12402.47,0,1.0,0,1298.0,0,37.0,0,0.0,0,0.0,0,0.0,0,5483.69,0,14.3,0,3.2,0,1.0,0,36.0,0,1.0,1,0,1,1,0,0,1,0,0,0,0,1,0,0,0,0,0,0,1,0,2.261701518503052,9.425731551155257,0.8551617873651772,0.0,1,1,1,0,0
0,3194.55,0,1.0,0,587.4,0,14.0,0,1.0,0,0.0,0,3.0,0,2312.85,0,5.2,0,4.6,0,0.0,0,18.2,0,1.0,1,1,1,1,0,0,0,1,0,0,0,1,0,0,0,0,0,0,1,0,1.3812179778195735,8.069514495971521,0.7150153217568949,0.06666666666666667,1,1,1,0,0
0,1718.82,0,3.0,0,972.6,0,68.0,0,0.0,0,1.0,0,2.0,0,10281.95,0,8.0,0,8.5,0,0.0,0,5.7,0,1.0,1,1,1,0,0,1,1,0,0,0,0,1,0,0,0,0,0,1,0,0,0.1671686790929736,7.4499749131683926,2.097470697100555,0.0,1,0,0,0,0
0,3182.81,0,1.0,0,257.7,0,8.0,0,0.0,0,0.0,0,0.0,0,2099.68,0,1.6,1,-1.0,0,0.0,0,73.8,0,2.0,0,1,1,1,0,0,0,0,0,0,1,0,0,0,1,0,0,0,0,1,1.5158547969214358,8.065833871816913,0.9313154831199069,0.0,0,0,0,0,0
0,2091.38,0,1.0,0,251.3,0,9.0,0,0.0,0,1.0,0,0.0,0,461.58,0,4.8,0,1.8,0,0.0,0,21.5,0,2.0,1,1,1,1,0,0,1,0,0,0,0,1,0,0,0,0,0,0,0,1,4.5309155509337495,7.646057453048939,1.0744130521289295,0.0,0,1,0,0,0
0,3124.08,0,1.0,0,198.1,0,15.0,0,0.0,0,0.0,0,0.0,0,1122.41,0,5.0,0,1.3,0,0.0,0,8.8,0,2.0,1,1,1,1,0,0,0,0,1,0,0,1,0,0,0,0,0,0,0,1,2.78336793150453,8.047215161842827,2.271580010095911,0.0,0,1,0,0,0
0,1340.67,0,2.0,0,272.0,0,33.0,0,1.0,0,3.0,0,0.0,0,1248.87,0,9.6,0,3.0,0,0.0,0,11.9,0,1.0,1,1,1,1,0,0,1,0,0,0,0,1,0,0,0,0,0,1,0,0,1.073506449830647,7.201670385653517,3.639705882352941,0.029411764705882353,1,1,1,0,0
0,1514.44,0,1.0,0,37.9,0,1.0,0,0.0,0,2.0,0,0.0,0,3523.56,0,28.3,0,2.2,0,0.0,0,7.1,0,3.0,1,1,1,1,0,0,1,0,0,0,0,1,0,0,0,0,0,0,1,0,0.4298039482795809,7.323461104820024,0.79155672823219,0.0,1,1,1,0,0
0,7116.71,0,1.0,0,107.4,0,3.0,0,1.0,0,1.0,0,1.0,0,1042.83,0,11.5,0,3.5,0,1.0,0,128.1,0,2.0,0,1,1,1,0,0,1,0,0,0,0,1,0,0,0,0,0,0,0,1,6.824420087646117,8.87034132345877,0.8379888268156425,0.25,0,1,0,0,0
0,2759.85,0,1.0,0,183.1,0,1.0,0,1.0,0,0.0,0,1.0,0,1227.24,0,15.3,0,2.9,0,1.0,0,80.9,0,2.0,1,1,1,1,0,0,1,0,0,0,0,1,0,0,0,0,1,0,0,0,2.2488266353769433,7.9232938823123495,0.1638448935008192,0.5,1,1,1,0,0
0,14630.24,0,1.0,0,307.5,0,37.0,0,2.0,0,2.0,0,0.0,0,1729.76,0,5.2,0,1.0,0,0.0,0,44.4,0,2.0,1,1,1,0,1,0,0,0,1,0,0,1,0,0,0,0,1,0,0,0,8.457959485709,9.590914247770383,3.6097560975609757,0.05263157894736842,1,0,0,1,0
0,2452.35,0,1.0,0,836.5,0,21.0,0,0.0,0,2.0,0,1.0,0,8130.39,0,2.5,0,11.3,0,0.0,0,5.0,0,1.0,1,0,1,0,0,1,0,0,0,0,1,1,0,0,0,0,0,1,0,0,0.30162759720013427,7.805209716509998,0.7531380753138075,0.0,1,0,0,0,0
0,3652.74,0,2.0,0,1224.2,0,82.0,0,0.0,0,2.0,0,0.0,0,2421.52,0,28.8,0,7.3,0,0.0,0,41.5,0,3.0,1,1,1,1,0,0,0,1,0,0,0,1,0,0,0,0,0,1,0,0,1.5084492384948296,8.20350657950758,2.009475575886293,0.0,1,1,1,0,0
0,18196.16,0,1.0,0,135.0,0,1.0,0,0.0,0,0.0,0,1.0,0,1129.03,0,11.5,1,-1.0,0,0.0,0,6.5,0,2.0,1,1,1,0,1,0,0,0,1,0,0,0,0,0,0,1,0,1,0,0,16.11663109040504,9.809020816932717,0.2222222222222222,0.0,0,0,0,1,0
0,6062.58,0,1.0,0,228.0,0,5.0,0,0.0,0,1.0,0,0.0,0,331.73,0,1.0,1,-1.0,0,1.0,0,6.9,0,2.0,1,1,0,1,0,0,1,0,0,0,0,0,0,1,0,0,0,0,0,1,18.2756458565701,8.710055663709818,0.6578947368421053,0.0,0,0,0,0,0
0,9970.82,0,2.0,0,1366.0,0,32.0,0,0.0,0,0.0,0,0.0,0,1709.57,0,2.9,0,3.8,0,1.0,0,137.6,0,3.0,1,1,1,1,0,0,0,1,0,0,0,1,0,0,0,0,0,0,0,1,5.832355504600572,9.207518393939019,0.7027818448023426,0.0,0,1,0,0,0
0,5088.34,0,1.0,0,392.5,0,23.0,0,0.0,0,1.0,0,0.0,0,5871.52,0,4.4,0,3.5,0,0.0,0,10.3,0,2.0,0,1,1,0,0,1,0,0,1,0,0,1,0,0,0,0,0,0,0,1,0.8666137558928523,8.534903435125416,1.7579617834394903,0.0,0,0,0,0,0
0,4515.6,0,1.0,0,437.3,0,7.0,0,0.0,0,2.0,0,0.0,0,882.54,0,1.5,1,-1.0,0,0.0,0,4.7,0,1.0,1,0,1,1,0,0,0,0,1,0,0,0,1,0,0,0,0,0,0,1,5.116595281800259,8.415514777383203,0.48021952892750974,0.0,0,0,0,0,0
0,5437.91,0,1.0,0,711.0,0,21.0,0,0.0,0,2.0,0,0.0,0,2121.89,0,3.1,1,-1.0,0,0.0,0,23.6,0,2.0,1,1,1,1,0,0,0,0,1,0,0,0,1,0,0,0,0,0,0,1,2.5627671556961014,8.60133395212665,0.8860759493670887,0.0,0,0,0,0,0
0,5188.89,0,1.0,0,1212.4,0,115.0,0,0.0,0,0.0,0,1.0,0,1216.98,0,8.0,0,3.9,0,0.0,0,107.7,0,5.0,1,0,0,0,1,0,1,0,0,0,0,1,0,0,0,0,0,0,0,1,4.263743036040034,8.554467781330317,2.8455955130320025,0.0,0,0,0,0,0
0,392.66,0,1.0,0,721.3,0,48.0,0,0.0,0,0.0,0,1.0,0,495.37,0,4.2,1,-1.0,0,0.0,0,9.8,0,1.0,0,0,1,1,0,0,1,0,0,0,0,0,0,0,0,1,0,0,0,1,0.792660031895351,5.975487592584841,1.996395397199501,0.0,0,0,0,0,0
0,17312.67,0,1.0,0,660.4,0,20.0,0,0.0,0,0.0,0,2.0,0,1913.48,0,1.9,1,-1.0,0,0.0,0,105.7,0,2.0,1,1,1,1,0,0,0,0,0,0,1,0,0,1,0,0,0,0,0,1,9.047740242908208,9.759251641873623,0.9085402786190189,0.0,0,0,0,0,0
0,11793.49,0,1.0,0,36.3,0,0.0,0,0.0,0,2.0,0,1.0,0,2159.93,0,19.8,0,3.2,0,0.0,0,1.0,0,2.0,1,1,1,1,0,0,0,1,0,0,0,1,0,0,0,0,1,0,0,0,5.4601260226025845,9.375387752246509,0.0,0.0,1,1,1,0,1
0,8226.39,0,1.0,0,1238.5,0,132.0,0,0.0,0,0.0,0,1.0,0,1371.52,0,30.6,0,3.4,0,0.0,0,157.6,0,1.0,1,1,1,0,0,1,0,1,0,0,0,1,0,0,0,0,0,0,0,1,5.998009507699487,9.015224110931705,3.197416229309649,0.0,0,0,0,0,0
0,4600.06,0,3.0,0,664.3,0,20.0,0,0.0,0,2.0,0,2.0,0,970.69,0,4.1,0,1.0,0,0.0,0,10.6,0,1.0,1,1,0,1,0,0,0,1,0,0,0,1,0,0,0,0,1,0,0,0,4.738958884916915,8.434041990713778,0.9032063826584376,0.0,1,1,1,0,0
0,2142.77,0,1.0,0,907.4,0,28.0,0,1.0,0,0.0,0,0.0,0,1595.13,0,13.3,0,6.1,0,1.0,0,140.2,0,1.0,1,1,0,1,0,0,0,0,1,0,0,1,0,0,0,0,1,0,0,0,1.3433199801897022,7.670321240316795,0.9257218426272867,0.034482758620689655,1,1,1,0,0
0,3124.76,0,1.0,0,882.7,0,34.0,0,1.0,0,1.0,0,0.0,0,1516.4,0,4.6,1,-1.0,0,1.0,0,4.9,0,1.0,1,1,1,1,0,0,0,0,1,0,0,0,0,1,0,0,0,0,0,1,2.060643629649169,8.047432732602175,1.1555454854423926,0.02857142857142857,0,0,0,0,0
0,14917.96,0,2.0,0,991.5,0,140.0,0,0.0,0,0.0,0,0.0,0,697.74,0,5.5,0,1.5,0,3.0,0,641.8,0,6.0,1,0,1,0,1,0,1,0,0,0,0,1,0,0,0,0,0,0,1,0,21.380399575773207,9.610388166234404,4.236006051437217,0.0,1,0,0,0,0
0,4736.24,0,2.0,0,1021.9,0,19.0,0,0.0,0,1.0,0,1.0,0,892.8,0,1.9,1,-1.0,0,0.0,0,33.5,0,2.0,1,1,1,1,0,0,0,1,0,0,0,0,0,0,1,0,0,0,0,1,5.3049283154121865,8.463209966618159,0.5577845190331735,0.0,0,0,0,0,0
0,8705.12,0,2.0,0,477.7,0,15.0,0,1.0,0,0.0,0,3.0,0,3119.7,0,19.5,0,3.8,0,0.0,0,88.9,0,2.0,1,1,1,0,1,0,0,0,1,0,0,1,0,0,0,0,0,0,0,1,2.790370868993814,9.07178150561477,0.9420138162026376,0.0625,0,0,0,1,0
0,22784.65,0,1.0,0,356.0,0,36.0,0,0.0,0,0.0,0,1.0,0,1110.39,0,22.8,0,2.0,0,1.0,0,18.3,0,1.0,1,0,0,0,1,0,1,0,0,0,0,1,0,0,0,0,0,0,0,1,20.519502156899826,10.03388623083113,3.033707865168539,0.0,0,0,0,0,0
0,4076.38,0,3.0,0,182.2,0,28.0,0,0.0,0,0.0,0,1.0,0,2704.73,0,9.4,1,-1.0,0,0.0,0,25.3,0,1.0,1,1,1,0,1,0,0,0,1,0,0,0,0,0,0,1,0,1,0,0,1.5071301017107068,8.313209904264435,4.610318331503842,0.0,0,0,0,1,0
0,22519.95,0,1.0,0,613.5,0,12.0,0,1.0,0,1.0,0,1.0,0,2445.74,0,7.5,0,2.4,0,1.0,0,17.5,0,2.0,1,1,1,0,1,0,0,1,0,0,0,1,0,0,0,0,0,0,1,0,9.207826670046694,10.022201266088565,0.58679706601467,0.07692307692307693,1,0,0,1,0
0,641.34,0,1.0,0,1447.1,0,99.0,0,0.0,0,1.0,0,1.0,0,2567.47,0,4.4,0,1.6,0,0.0,0,11.7,0,1.0,1,1,1,1,0,0,0,1,0,0,0,1,0,0,0,0,0,0,0,1,0.2497945448242823,6.46511775851959,2.052380623315597,0.0,0,1,0,0,0
0,3098.75,0,2.0,0,406.2,0,32.0,0,0.0,0,1.0,0,1.0,0,1069.21,0,8.4,1,-1.0,0,1.0,0,402.1,0,4.0,1,0,1,0,1,0,1,0,0,0,0,0,1,0,0,0,0,0,0,1,2.8981678061372413,8.039076742059951,2.363367799113737,0.0,0,0,0,0,0
0,4361.03,0,1.0,0,350.9,0,13.0,0,0.0,0,1.0,0,0.0,0,4795.57,0,9.1,0,5.4,0,1.0,0,7.7,0,2.0,1,1,1,0,0,1,1,0,0,0,0,1,0,0,0,0,1,0,0,0,0.9093872052748683,8.380692824317016,1.1114277571957825,0.0,1,0,0,0,0
0,2136.56,0,2.0,0,659.0,0,10.0,0,1.0,0,1.0,0,0.0,0,1832.09,0,2.7,1,-1.0,0,0.0,0,5.0,0,2.0,1,1,1,1,0,0,1,0,0,0,0,0,0,1,0,0,0,0,0,1,1.1661872506263338,7.667420270592394,0.45523520485584223,0.09090909090909091,0,0,0,0,0
0,716.22,0,2.0,0,428.0,0,83.0,0,0.0,0,1.0,0,0.0,0,2032.05,0,10.3,0,4.7,0,0.0,0,52.0,0,1.0,1,1,1,0,0,1,0,0,0,1,0,1,0,0,0,0,1,0,0,0,0.35246179966044144,6.57538262756637,5.817757009345794,0.0,1,0,0,0,0
0,6525.13,0,1.0,0,199.9,0,25.0,0,0.0,0,2.0,0,0.0,0,3386.07,0,1.2,0,2.3,0,1.0,0,23.0,0,1.0,0,1,1,1,0,0,1,0,0,0,0,1,0,0,0,0,0,0,0,1,1.927051124164592,8.783569397273585,3.7518759379689848,0.0,0,1,0,0,0
0,2292.34,0,1.0,0,328.7,0,21.0,0,0.0,0,0.0,0,1.0,0,1651.31,0,4.1,1,-1.0,0,1.0,0,54.5,0,1.0,1,1,1,1,0,0,1,0,0,0,0,0,0,1,0,0,0,0,0,1,1.3881948271372426,7.737764549231799,1.9166413142683296,0.0,0,0,0,0,0
0,15142.1,0,1.0,0,966.4,0,3.0,0,0.0,0,0.0,0,0.0,0,2422.31,0,4.2,1,-1.0,0,0.0,0,122.8,0,2.0,1,1,1,1,0,0,1,0,0,0,0,0,1,0,0,0,0,0,0,1,6.251099157415855,9.625300261646137,0.09312913907284769,0.0,0,0,0,0,0
0,20798.71,0,1.0,0,902.1,0,161.0,0,0.0,0,1.0,0,0.0,0,1799.51,0,21.2,1,-1.0,0,0.0,0,8.1,0,2.0,1,1,1,0,0,1,0,0,0,1,0,0,0,0,0,1,0,0,0,1,11.557985229312424,9.942694323284522,5.354173594945128,0.0,0,0,0,0,0
0,4779.48,0,1.0,0,344.1,0,16.0,0,0.0,0,0.0,0,0.0,0,1689.94,0,7.2,0,5.3,0,1.0,0,54.7,0,1.0,1,1,1,0,0,1,0,0,1,0,0,1,0,0,0,0,0,0,0,1,2.8281950838491303,8.472296238853952,1.3949433304272014,0.0,0,0,0,0,0
0,36673.87,0,1.0,0,927.2,0,26.0,0,0.0,0,0.0,0,0.0,0,2432.08,0,8.7,0,6.1,0,0.0,0,68.4,0,1.0,1,0,1,1,0,0,1,0,0,0,0,1,0,0,0,0,0,0,0,1,15.079220255912636,10.509847058355957,0.8412424503882656,0.0,0,1,0,0,0
0,9508.74,0,3.0,0,817.2,0,18.0,0,0.0,0,3.0,0,1.0,0,1299.11,0,4.4,1,-1.0,0,0.0,0,12.1,0,1.0,1,1,1,1,0,0,1,0,0,0,0,0,0,0,1,0,0,0,0,1,7.31942637651931,9.160071815523219,0.6607929515418501,0.0,0,0,0,0,0
0,2195.62,0,1.0,0,646.2,0,23.0,0,1.0,0,1.0,0,1.0,0,10242.21,0,1.9,0,6.6,0,0.0,0,2.7,0,1.0,1,1,1,0,0,1,1,0,0,0,0,1,0,0,0,0,0,1,0,0,0.21436975027850436,7.69467509429322,1.0677808727948002,0.041666666666666664,1,0,0,0,0
0,8893.12,0,3.0,0,202.5,0,4.0,0,0.0,0,3.0,0,0.0,0,5805.25,0,18.5,0,6.2,0,1.0,0,21.1,0,2.0,1,1,1,0,1,0,0,1,0,0,0,1,0,0,0,0,0,1,0,0,1.5319099091339736,9.093145663221584,0.5925925925925926,0.0,1,0,0,1,0
0,70355.08,0,1.0,0,663.2,0,38.0,0,0.0,0,0.0,0,2.0,0,1722.8,0,23.0,0,1.0,0,0.0,0,436.5,0,5.0,1,0,0,0,1,0,1,0,0,0,0,1,0,0,0,0,0,0,0,1,40.837636405850944,11.161324483825878,1.7189384800965015,0.0,0,0,0,0,0
0,3808.94,0,2.0,0,315.0,0,18.0,0,1.0,0,0.0,0,0.0,0,924.51,0,23.2,0,5.9,0,1.0,0,21.7,0,1.0,1,1,1,1,0,0,0,0,1,0,0,1,0,0,0,0,0,0,1,0,4.119955435852506,8.24536871996525,1.7142857142857142,0.05263157894736842,1,1,1,0,0
0,24216.33,0,2.0,0,483.1,0,20.0,0,1.0,0,3.0,0,2.0,0,2397.03,0,8.9,0,1.9,0,0.0,0,29.3,0,2.0,1,1,1,0,0,1,0,0,1,0,0,1,0,0,0,0,0,1,0,0,10.102639516401547,10.094823771558755,1.2419788863589318,0.047619047619047616,1,0,0,0,0
0,2235.11,0,2.0,0,253.6,0,23.0,0,0.0,0,2.0,0,0.0,0,510.35,0,2.1,0,3.6,0,0.0,0,7.9,0,1.0,1,1,1,0,0,1,1,0,0,0,0,1,0,0,0,0,0,0,1,0,4.379563044969139,7.712493028056011,2.720820189274448,0.0,1,0,0,0,0
0,2791.53,0,2.0,0,158.4,0,0.0,0,1.0,0,1.0,0,0.0,0,3329.45,0,8.9,0,4.3,0,0.0,0,22.9,0,3.0,1,1,1,1,0,0,0,0,1,0,0,1,0,0,0,0,0,1,0,0,0.8384357776809984,7.934703273947422,0.0,1.0,1,1,1,0,0
0,2620.94,0,1.0,0,48.1,0,1.0,0,1.0,0,2.0,0,2.0,0,1059.75,0,18.9,1,-1.0,0,0.0,0,10.8,0,2.0,1,0,0,1,0,0,0,1,0,0,0,0,0,0,0,1,0,0,1,0,2.473168200047181,7.8716697807666245,0.6237006237006237,0.5,0,0,0,0,0
0,3385.56,0,1.0,0,1498.1,0,78.0,0,0.0,0,0.0,0,0.0,0,1033.72,0,3.6,0,1.6,0,0.0,0,3.5,0,2.0,1,0,0,0,0,1,0,0,0,1,0,1,0,0,0,0,0,0,0,1,3.2751228572534146,8.12756993590536,1.5619785061077367,0.0,0,0,0,0,0
0,1576.96,0,1.0,0,211.8,0,3.0,0,1.0,0,0.0,0,1.0,0,6145.49,0,22.3,0,3.4,0,0.0,0,4.5,0,2.0,1,1,0,0,1,0,0,0,1,0,0,1,0,0,0,0,0,0,0,1,0.2566044367495513,7.363888152542081,0.4249291784702549,0.25,0,0,0,1,0
0,13573.27,0,1.0,0,832.4,0,27.0,0,1.0,0,1.0,0,1.0,0,1646.53,0,8.2,0,1.9,0,1.0,0,51.7,0,2.0,1,1,1,1,0,0,0,1,0,0,0,1,0,0,0,0,0,1,0,0,8.243560700382016,9.515931368033907,0.9730898606439212,0.03571428571428571,1,1,1,0,0
0,7966.03,0,1.0,0,483.6,0,5.0,0,0.0,0,0.0,0,0.0,0,3081.04,0,5.6,0,2.8,0,2.0,0,827.6,0,5.0,1,0,0,0,1,0,1,0,0,0,0,1,0,0,0,0,0,0,0,1,2.5855003505309897,8.9830670549061,0.31017369727047145,0.0,0,0,0,0,0
0,2198.99,0,2.0,0,718.3,0,30.0,0,0.0,0,0.0,0,0.0,0,2120.74,0,12.3,1,-1.0,0,1.0,0,645.1,0,1.0,1,0,1,0,1,0,0,1,0,0,0,0,0,0,0,1,0,0,0,1,1.0368974980431358,7.696208093881531,1.252958373938466,0.0,0,0,0,0,0
0,6995.21,0,2.0,0,643.5,0,23.0,0,0.0,0,1.0,0,0.0,0,1828.28,0,1.1,0,4.8,0,0.0,0,15.9,0,1.0,0,1,1,1,0,0,1,0,0,0,0,1,0,0,0,0,0,0,0,1,3.826115255868904,8.853123852840646,1.0722610722610724,0.0,0,1,0,0,0
0,10380.44,0,2.0,0,503.9,0,18.0,0,0.0,0,1.0,0,0.0,0,390.5,0,7.9,0,1.8,0,0.0,0,42.7,0,2.0,1,1,1,0,0,1,0,0,1,0,0,1,0,0,0,0,1,0,0,0,26.582432778489117,9.247774875421696,1.0716411986505259,0.0,1,0,0,0,0
0,8072.88,0,2.0,0,568.7,0,42.0,0,0.0,0,0.0,0,0.0,0,2074.85,0,5.0,0,3.0,0,0.0,0,537.8,0,4.0,1,0,0,0,1,0,0,0,0,1,0,1,0,0,0,0,0,0,1,0,3.890825842832012,8.996389438780763,2.2155793915948654,0.0,1,0,0,0,0
0,6397.42,0,1.0,0,764.5,0,62.0,0,0.0,0,0.0,0,0.0,0,2222.18,0,0.2,1,-1.0,0,2.0,0,15.5,0,2.0,1,1,1,1,0,0,1,0,0,0,0,0,1,0,0,0,0,0,0,1,2.878893698980281,8.763806363869113,2.4329627207325046,0.0,0,0,0,0,0
0,9204.82,0,1.0,0,291.0,0,8.0,0,0.0,0,1.0,0,0.0,0,6345.52,0,3.4,0,4.9,0,0.0,0,7.9,0,1.0,1,1,1,0,0,1,0,0,0,1,0,1,0,0,0,0,0,1,0,0,1.450601369154931,9.127591171720251,0.8247422680412372,0.0,1,0,0,0,0
0,4793.85,0,1.0,0,55.6,0,0.0,0,0.0,0,1.0,0,0.0,0,1221.18,0,12.6,0,2.9,0,1.0,0,118.7,0,1.0,1,1,1,1,0,0,0,1,0,0,0,1,0,0,0,0,1,0,0,0,3.9255883653515453,8.475297704242202,0.0,0.0,1,1,1,0,0
0,27489.13,0,1.0,0,348.1,0,2.0,0,0.0,0,2.0,0,0.0,0,1771.84,0,5.2,0,1.2,0,1.0,0,5.4,0,2.0,1,0,1,0,0,1,0,0,1,0,0,1,0,0,0,0,0,0,1,0,15.514453901029439,10.221582310140471,0.17236426314277506,0.0,1,0,0,0,0
0,5828.05,0,2.0,0,583.6,0,63.0,0,0.0,0,2.0,0,2.0,0,1928.35,0,5.5,1,-1.0,0,2.0,0,550.1,0,3.0,1,0,1,0,1,0,1,0,0,0,0,0,1,0,0,0,0,0,0,1,3.02229885653538,8.670609315809413,3.2385195339273474,0.0,0,0,0,0,0
0,4100.14,0,1.0,0,655.5,0,35.0,0,0.0,0,3.0,0,0.0,0,1822.07,0,4.6,0,3.4,0,0.0,0,105.6,0,1.0,1,1,0,0,0,1,0,1,0,0,0,1,0,0,0,0,0,0,1,0,2.2502648087065813,8.31902026282449,1.6018306636155606,0.0,1,0,0,0,0
0,3706.45,0,1.0,0,139.3,0,0.0,0,1.0,0,1.0,0,0.0,0,828.67,0,8.2,0,4.5,0,0.0,0,36.9,0,2.0,1,1,1,1,0,0,0,1,0,0,0,1,0,0,0,0,0,1,0,0,4.472769618786731,8.21809958774448,0.0,1.0,1,1,1,0,0
0,1994.13,0,2.0,0,280.6,0,21.0,0,0.0,0,1.0,0,0.0,0,1034.25,0,4.5,0,4.9,0,0.0,0,42.1,0,2.0,1,1,1,0,0,1,0,1,0,0,0,1,0,0,0,0,0,0,1,0,1.9280928208846992,7.598464490108222,2.2451888809693514,0.0,1,0,0,0,0
0,5217.67,0,1.0,0,67.6,0,0.0,0,0.0,0,1.0,0,0.0,0,1803.24,0,7.8,0,3.0,0,0.0,0,8.5,0,1.0,1,1,1,1,0,0,0,0,0,1,0,1,0,0,0,0,0,1,0,0,2.8934972604866798,8.559997859140353,0.0,0.0,1,1,1,0,0
0,5050.78,0,1.0,0,560.4,0,9.0,0,0.0,0,0.0,0,3.0,0,1525.55,0,10.1,0,2.9,0,1.0,0,78.3,0,3.0,1,0,0,0,1,0,1,0,0,0,0,1,0,0,0,0,1,0,0,0,3.310792828815837,8.527495935412123,0.48179871520342615,0.0,1,0,0,0,0
0,2158.09,0,1.0,0,258.4,0,4.0,0,1.0,0,2.0,0,0.0,0,1133.87,0,4.1,0,2.7,0,0.0,0,5.5,0,1.0,1,1,1,1,0,0,1,0,0,0,0,1,0,0,0,0,0,0,0,1,1.903295792286594,7.677442115611696,0.46439628482972134,0.2,0,1,0,0,0
0,6082.68,0,2.0,0,489.9,0,40.0,0,0.0,0,1.0,0,0.0,0,4762.42,0,13.7,1,-1.0,0,0.0,0,5.2,0,1.0,1,1,1,1,0,0,1,0,0,0,0,0,0,1,0,0,0,0,0,1,1.277224604297815,8.71336505502024,2.449479485609308,0.0,0,0,0,0,0
0,792.39,0,2.0,0,785.0,0,51.0,0,0.0,0,0.0,0,1.0,0,802.86,0,4.4,1,-1.0,0,1.0,0,21.8,0,1.0,1,0,1,1,0,0,0,0,1,0,0,0,1,0,0,0,0,0,0,1,0.9869591211419176,6.67631490401794,1.9490445859872612,0.0,0,0,0,0,0
0,10068.74,0,1.0,0,663.3,0,9.0,0,0.0,0,0.0,0,0.0,0,1140.65,0,11.7,0,4.1,0,0.0,0,718.8,0,3.0,0,0,0,1,0,0,1,0,0,0,0,1,0,0,0,0,0,1,0,0,8.827195020383114,9.217290166114141,0.407055630936228,0.0,1,1,1,0,0
0,27198.19,0,3.0,0,142.4,0,8.0,0,0.0,0,1.0,0,0.0,0,1186.69,0,1.6,0,1.2,0,2.0,0,137.9,0,4.0,1,1,1,0,1,0,0,0,0,1,0,1,0,0,0,0,1,0,0,0,22.919372371891562,10.210942472428908,1.6853932584269662,0.0,1,0,0,1,0
0,4870.35,0,1.0,0,417.1,0,21.0,0,0.0,0,0.0,0,1.0,0,1505.39,0,2.1,0,5.8,0,0.0,0,25.4,0,1.0,1,1,1,0,0,1,0,0,1,0,0,1,0,0,0,0,1,0,0,0,3.235274580009167,8.491126385053963,1.5104291536801726,0.0,1,0,0,0,0
0,4712.83,0,1.0,0,986.6,0,19.0,0,0.0,0,0.0,0,2.0,0,1214.42,0,18.2,0,6.8,0,1.0,0,251.7,0,2.0,1,0,1,0,1,0,0,1,0,0,0,1,0,0,0,0,0,0,0,1,3.8807249551226097,8.458256020054113,0.5777417393067098,0.0,0,0,0,0,0
0,1009.09,0,1.0,0,665.2,0,38.0,0,0.0,0,0.0,0,1.0,0,1131.97,0,0.9,0,4.2,0,0.0,0,12.6,0,1.0,1,1,1,0,0,1,0,1,0,0,0,1,0,0,0,0,0,1,0,0,0.8914458863750806,6.9177947147762335,1.7137702946482258,0.0,1,0,0,0,0
0,2765.49,0,1.0,0,415.8,0,5.0,0,0.0,0,1.0,0,0.0,0,469.92,0,3.6,0,3.3,0,3.0,0,86.0,0,4.0,1,0,1,0,1,0,0,0,1,0,0,1,0,0,0,0,0,0,0,1,5.885022982635341,7.925334647656048,0.3607503607503607,0.0,0,0,0,0,0
0,4909.64,0,2.0,0,163.4,0,7.0,0,1.0,0,2.0,0,0.0,0,562.99,0,8.8,1,-1.0,0,1.0,0,25.0,0,1.0,1,1,1,1,0,0,1,0,0,0,0,0,0,1,0,0,0,0,0,1,8.720652231833602,8.499159558526413,1.285189718482252,0.125,0,0,0,0,0
0,10335.41,0,1.0,0,904.5,0,39.0,0,0.0,0,2.0,0,0.0,0,1071.02,0,0.6,0,1.4,0,1.0,0,31.1,0,1.0,1,1,1,0,0,1,1,0,0,0,0,1,0,0,0,0,0,0,0,1,9.650062557188475,9.243427892418323,1.2935323383084578,0.0,0,0,0,0,0
0,7448.63,0,2.0,0,335.5,0,4.0,0,0.0,0,2.0,0,0.0,0,4652.38,0,16.4,0,5.4,0,1.0,0,412.3,0,2.0,1,0,0,0,1,0,0,1,0,0,0,1,0,0,0,0,0,0,1,0,1.601036458758743,8.915919645710757,0.35767511177347244,0.0,1,0,0,0,0
0,5514.65,0,2.0,0,693.8,0,68.0,0,0.0,0,1.0,0,0.0,0,764.31,0,2.3,0,1.0,0,0.0,0,24.3,0,1.0,1,1,1,0,0,1,0,1,0,0,0,1,0,0,0,0,1,0,0,0,7.215200638484385,8.615344785123394,2.940328624963967,0.0,1,0,0,0,0
0,9049.28,0,1.0,0,1023.4,0,60.0,0,0.0,0,0.0,0,1.0,0,1149.42,0,14.0,0,4.4,0,2.0,0,457.3,0,1.0,1,0,0,0,1,0,0,1,0,0,0,1,0,0,0,0,0,0,0,1,7.8729098153851504,9.110550975441884,1.758843072112566,0.0,0,0,0,0,0
0,5770.16,0,1.0,0,109.2,0,9.0,0,0.0,0,1.0,0,0.0,0,3549.97,0,6.5,0,7.3,0,0.0,0,6.9,0,1.0,1,1,1,0,0,1,0,0,0,1,0,1,0,0,0,0,0,1,0,0,1.6254109189655124,8.660628379157693,2.4725274725274726,0.0,1,0,0,0,0
0,11667.7,0,1.0,0,1371.6,0,109.0,0,0.0,0,1.0,0,0.0,0,2731.6,0,6.8,0,7.8,0,0.0,0,13.1,0,1.0,1,1,1,1,0,0,0,0,1,0,0,1,0,0,0,0,1,0,0,0,4.271379411334017,9.364665322331737,2.384076990376203,0.0,1,1,1,0,0
0,1151.39,0,2.0,0,326.6,0,6.0,0,1.0,0,0.0,0,0.0,0,3832.54,0,4.6,0,7.5,0,0.0,0,15.0,0,4.0,1,0,1,0,0,1,1,0,0,0,0,1,0,0,0,0,1,0,0,0,0.30042478356390284,7.0495933256302035,0.5511328842620943,0.14285714285714285,1,0,0,0,0
0,17759.1,0,1.0,0,358.6,0,6.0,0,0.0,0,2.0,0,0.0,0,2140.42,0,15.0,0,2.2,0,0.0,0,4.3,0,3.0,0,1,1,0,1,0,1,0,0,0,0,1,0,0,0,0,0,0,1,0,8.297016473402415,9.78470964716094,0.501952035694367,0.0,1,0,0,1,0
0,865.42,0,1.0,0,167.8,0,4.0,0,1.0,0,4.0,0,0.0,0,2490.67,0,8.0,0,4.0,0,0.0,0,171.3,0,2.0,1,1,1,1,0,0,0,0,0,1,0,1,0,0,0,0,0,0,1,0,0.34746473840372266,6.764369779446203,0.7151370679380215,0.2,1,1,1,0,0
0,3123.02,0,1.0,0,889.1,0,3.0,0,0.0,0,2.0,0,1.0,0,882.2,0,12.2,0,3.1,0,0.0,0,3.8,0,2.0,1,1,1,0,1,0,0,0,0,0,1,1,0,0,0,0,0,0,0,1,3.5400362729539783,8.046875912987739,0.10122595883477674,0.0,0,0,0,1,0
0,10599.93,0,1.0,0,347.2,0,8.0,0,1.0,0,1.0,0,0.0,0,384.14,0,16.1,0,1.0,0,2.0,0,192.0,0,1.0,1,1,1,1,0,0,0,0,1,0,0,1,0,0,0,0,0,0,1,0,27.59392409017546,9.26869701210065,0.6912442396313364,0.1111111111111111,1,1,1,0,0
0,2821.39,0,1.0,0,161.5,0,2.0,0,0.0,0,1.0,0,0.0,0,627.11,0,6.1,0,4.1,0,1.0,0,24.9,0,2.0,1,1,0,0,1,0,0,1,0,0,0,1,0,0,0,0,0,0,1,0,4.49903525697246,7.945339322722295,0.37151702786377705,0.0,1,0,0,1,0
0,3504.77,0,2.0,0,102.2,0,5.0,0,0.0,0,2.0,0,0.0,0,1900.81,0,0.4,1,-1.0,0,0.0,0,67.4,0,1.0,1,1,1,1,0,0,0,0,1,0,0,0,1,0,0,0,0,0,0,1,1.8438297357442355,8.162165461503843,1.467710371819961,0.0,0,0,0,0,0
0,24587.24,0,1.0,0,73.6,0,1.0,0,1.0,0,3.0,0,1.0,0,3976.67,0,4.5,0,13.2,0,1.0,0,19.9,0,1.0,1,0,0,0,1,0,0,1,0,0,0,1,0,0,0,0,1,0,0,0,6.182871598598828,10.110023558838218,0.40760869565217395,0.5,1,0,0,0,0
0,7481.78,0,1.0,0,587.8,0,11.0,0,0.0,0,0.0,0,0.0,0,2859.37,0,8.6,1,-1.0,0,0.0,0,4.2,0,1.0,1,1,1,1,0,0,0,0,1,0,0,0,0,0,0,1,0,0,0,1,2.6165833732605432,8.920359659674897,0.5614154474310991,0.0,0,0,0,0,0
0,8849.17,0,1.0,0,78.3,0,10.0,0,2.0,0,0.0,0,1.0,0,903.63,0,16.7,0,1.7,0,0.0,0,23.7,0,1.0,1,0,1,0,1,0,0,1,0,0,0,1,0,0,0,0,0,0,0,1,9.792913028562575,9.088191946857032,3.831417624521073,0.18181818181818182,0,0,0,0,0
0,3284.89,0,1.0,0,913.8,0,27.0,0,0.0,0,3.0,0,1.0,0,1135.43,0,19.7,0,1.0,0,0.0,0,19.2,0,4.0,1,0,1,0,1,0,0,0,1,0,0,1,0,0,0,0,0,0,1,0,2.893080154655064,8.097392822686931,0.886408404464872,0.0,1,0,0,0,0
0,1905.29,0,2.0,0,446.2,0,10.0,0,0.0,0,0.0,0,1.0,0,2446.37,0,3.9,0,3.8,0,0.0,0,7.0,0,3.0,1,1,1,0,0,1,1,0,0,0,0,1,0,0,0,0,0,0,1,0,0.7788233178137404,7.5529142237421265,0.6723442402510085,0.0,1,0,0,0,0
0,2379.77,0,1.0,0,586.7,0,37.0,0,0.0,0,0.0,0,0.0,0,11909.85,0,1.6,1,-1.0,0,1.0,0,46.5,0,2.0,0,1,1,1,0,0,0,0,0,0,1,0,1,0,0,0,0,0,0,1,0.19981527894977685,7.77517924375293,1.891937958070564,0.0,0,0,0,0,0
0,6610.92,0,1.0,0,184.5,0,17.0,0,2.0,0,1.0,0,0.0,0,630.49,0,8.0,0,2.7,0,0.0,0,129.9,0,2.0,1,1,1,1,0,0,1,0,0,0,0,1,0,0,0,0,0,0,1,0,10.485368522894891,8.796629359654167,2.7642276422764227,0.1111111111111111,1,1,1,0,0
0,2465.44,0,1.0,0,1301.1,0,69.0,0,0.0,0,1.0,0,1.0,0,1222.91,0,5.7,1,-1.0,0,0.0,0,84.0,0,2.0,0,1,1,1,0,0,0,0,1,0,0,0,0,0,0,1,0,0,0,1,2.016043699045719,7.810531094409941,1.5909614941203598,0.0,0,0,0,0,0
0,675.62,0,1.0,0,1042.2,0,30.0,0,1.0,0,0.0,0,1.0,0,1204.49,0,11.1,0,2.1,0,0.0,0,4.5,0,4.0,1,0,1,0,0,1,0,1,0,0,0,1,0,0,0,0,0,1,0,0,0.5609178988617589,6.517109815472251,0.8635578583765112,0.03225806451612903,1,0,0,0,0
0,300.93,0,2.0,0,448.5,0,19.0,0,0.0,0,0.0,0,0.0,0,405.08,0,6.8,1,-1.0,0,0.0,0,23.7,0,2.0,1,0,1,1,0,0,0,1,0,0,0,0,0,0,0,1,0,0,0,1,0.7428902932754025,5.710195202428391,1.2709030100334449,0.0,0,0,0,0,0
0,6107.2,0,3.0,0,1784.2,0,19.0,0,0.0,0,0.0,0,0.0,0,1434.77,0,6.1,0,7.7,0,1.0,0,5.1,0,1.0,1,1,1,0,0,1,0,0,1,0,0,1,0,0,0,0,0,0,1,0,4.256570739561044,8.717387409744822,0.3194709113328102,0.0,1,0,0,0,0
0,2351.74,0,1.0,0,341.5,0,19.0,0,0.0,0,1.0,0,0.0,0,3989.51,0,7.3,1,-1.0,0,0.0,0,2.0,0,2.0,0,0,0,1,0,0,1,0,0,0,0,0,0,1,0,0,0,0,0,1,0.5894809136961681,7.763335885384524,1.6691068814055638,0.0,0,0,0,0,0
0,3820.13,0,1.0,0,366.8,0,16.0,0,1.0,0,1.0,0,0.0,0,1542.84,0,5.0,0,1.4,0,0.0,0,6.8,0,1.0,1,1,1,0,0,1,1,0,0,0,0,1,0,0,0,0,0,0,0,1,2.476037696715149,8.248301469375345,1.3086150490730644,0.058823529411764705,0,0,0,0,0
0,824.8,0,2.0,0,260.8,0,4.0,0,1.0,0,0.0,0,0.0,0,1227.03,0,11.1,1,-1.0,0,1.0,0,127.0,0,7.0,1,0,0,0,1,0,1,0,0,0,0,0,1,0,0,0,0,0,0,1,0.672192203939594,6.71635261345199,0.4601226993865031,0.2,0,0,0,0,0
0,13995.99,0,1.0,0,25.7,0,1.0,0,0.0,0,1.0,0,1.0,0,1486.19,0,1.8,0,1.9,0,0.0,0,37.6,0,2.0,1,1,0,0,1,0,0,0,0,0,1,1,0,0,0,0,1,0,0,0,9.417362517578505,9.546597585481582,1.1673151750972763,0.0,1,0,0,1,1
0,3051.09,0,1.0,0,741.4,0,44.0,0,2.0,0,1.0,0,1.0,0,1758.79,0,6.2,0,3.6,0,0.0,0,8.7,0,1.0,0,0,0,0,0,1,0,0,0,1,0,1,0,0,0,0,0,1,0,0,1.7347665156158496,8.023581880829324,1.7804154302670625,0.044444444444444446,1,0,0,0,0
0,8492.53,0,2.0,0,1257.8,0,26.0,0,0.0,0,0.0,0,0.0,0,2199.64,0,12.7,0,1.4,0,0.0,0,8.8,0,1.0,1,1,1,0,0,1,0,0,1,0,0,1,0,0,0,0,0,0,0,1,3.860872688258079,9.04705997616592,0.6201303863889331,0.0,0,0,0,0,0
0,6466.97,0,1.0,0,389.2,0,63.0,0,0.0,0,1.0,0,0.0,0,2313.21,0,18.3,0,3.8,0,0.0,0,19.6,0,1.0,0,1,1,0,0,1,0,0,1,0,0,1,0,0,0,0,0,1,0,0,2.7956692215579215,8.774617582467316,4.856115107913669,0.0,1,0,0,0,0
0,3390.63,0,3.0,0,1744.4,0,91.0,0,0.0,0,1.0,0,1.0,0,726.92,0,0.2,0,2.5,0,1.0,0,57.3,0,3.0,1,1,1,1,0,0,0,0,1,0,0,1,0,0,0,0,0,0,0,1,4.664378473559677,8.129065910773438,1.565008025682183,0.0,0,1,0,0,0
0,5180.29,0,2.0,0,927.8,0,94.0,0,0.0,0,0.0,0,0.0,0,9670.74,0,2.5,1,-1.0,0,0.0,0,13.5,0,1.0,1,0,1,1,0,0,1,0,0,0,0,0,1,0,0,0,0,0,0,1,0.5356663502482747,8.552809338998557,3.039448156930373,0.0,0,0,0,0,0
0,8211.3,0,1.0,0,1278.7,0,25.0,0,0.0,0,1.0,0,1.0,0,6421.06,0,3.4,0,2.0,0,0.0,0,11.9,0,1.0,1,1,1,1,0,0,1,0,0,0,0,1,0,0,0,0,0,0,0,1,1.27880754890937,9.013388309376081,0.5865331977789943,0.0,0,1,0,0,0
0,20345.75,0,2.0,0,424.4,0,14.0,0,0.0,0,1.0,0,2.0,0,4894.53,0,4.4,0,1.5,0,2.0,0,215.8,0,6.0,1,0,1,0,1,0,0,1,0,0,0,1,0,0,0,0,1,0,0,0,4.156834261920961,9.920676472956808,0.9896324222431668,0.0,1,0,0,0,0
0,3073.8,0,1.0,0,186.8,0,4.0,0,0.0,0,1.0,0,0.0,0,2549.32,0,1.7,1,-1.0,0,0.0,0,14.2,0,2.0,1,1,1,1,0,0,0,0,1,0,0,0,0,1,0,0,0,0,0,1,1.2057332935841714,8.030995137474976,0.6423982869379015,0.0,0,0,0,0,0
0,3614.98,0,2.0,0,1150.2,0,188.0,0,1.0,0,1.0,0,0.0,0,995.8,0,4.0,0,3.4,0,0.0,0,25.1,0,3.0,1,1,1,0,0,1,0,0,1,0,0,1,0,0,0,0,0,0,1,0,3.630226953203455,8.19311819052332,4.903495044340114,0.005291005291005291,1,0,0,0,0
0,2187.44,0,2.0,0,813.4,0,73.0,0,0.0,0,0.0,0,1.0,0,3046.05,0,11.1,0,2.4,0,0.0,0,31.4,0,1.0,1,1,1,0,0,1,0,1,0,0,0,1,0,0,0,0,0,0,0,1,0.7181234713809688,7.690944240216741,2.6924022621096633,0.0,0,0,0,0,0
0,2580.78,0,3.0,0,1103.8,0,53.0,0,0.0,0,2.0,0,0.0,0,2769.6,0,5.5,1,-1.0,0,0.0,0,41.1,0,1.0,1,1,1,1,0,0,0,1,0,0,0,0,1,0,0,0,0,0,0,1,0.9318240901213173,7.856234362509178,1.440478347526726,0.0,0,0,0,0,0
0,1918.14,0,1.0,0,251.6,0,12.0,0,0.0,0,2.0,0,1.0,0,2369.02,0,3.2,0,6.1,0,0.0,0,50.6,0,1.0,1,1,1,0,0,1,1,0,0,0,0,1,0,0,0,0,0,1,0,0,0.8096765751238909,7.559632448010525,1.4308426073131955,0.0,1,0,0,0,0
0,32300.72,0,2.0,0,878.3,0,54.0,0,0.0,0,1.0,0,0.0,0,7030.5,0,6.7,0,9.0,0,0.0,0,15.5,0,2.0,1,1,1,1,0,0,0,0,1,0,0,1,0,0,0,0,0,0,1,0,4.5943702439371314,10.38287575856697,1.8444722759877037,0.0,1,1,1,0,0
0,30705.83,0,2.0,0,788.8,0,14.0,0,0.0,0,2.0,0,1.0,0,1952.47,0,13.9,0,3.0,0,1.0,0,24.6,0,2.0,1,1,0,0,0,1,1,0,0,0,0,1,0,0,0,0,0,1,0,0,15.726659052379807,10.3322403844013,0.5324543610547667,0.0,1,0,0,0,0
0,3029.63,0,1.0,0,186.2,0,7.0,0,0.0,0,5.0,0,0.0,0,2453.26,0,16.3,0,6.3,0,0.0,0,7.9,0,1.0,1,0,1,1,0,0,1,0,0,0,0,1,0,0,0,0,0,1,0,0,1.234940446589436,8.016525797682961,1.1278195488721805,0.0,1,1,1,0,0
0,8435.97,0,1.0,0,950.8,0,27.0,0,0.0,0,1.0,0,1.0,0,2683.87,0,13.1,0,9.4,0,0.0,0,5.8,0,2.0,1,1,1,0,0,1,0,0,1,0,0,1,0,0,0,0,1,0,0,0,3.1432111093309287,9.040378518393037,0.8519141775347077,0.0,1,0,0,0,0
0,6330.9,0,1.0,0,778.6,0,69.0,0,0.0,0,2.0,0,1.0,0,1135.48,0,9.9,0,9.0,0,1.0,0,80.5,0,3.0,1,1,1,0,1,0,0,0,1,0,0,1,0,0,0,0,0,0,0,1,5.575527530207489,8.753355628077712,2.658618032365785,0.0,0,0,0,1,0
0,5897.43,0,3.0,0,145.0,0,1.0,0,0.0,0,0.0,0,2.0,0,1551.38,0,24.4,0,3.2,0,1.0,0,15.9,0,3.0,1,1,1,1,0,0,0,1,0,0,0,1,0,0,0,0,0,0,1,0,3.8014090680555377,8.682441492787557,0.20689655172413796,0.0,1,1,1,0,0
0,7456.79,0,2.0,0,583.0,0,36.0,0,0.0,0,4.0,0,0.0,0,970.38,0,14.6,0,3.4,0,0.0,0,25.0,0,2.0,1,1,1,1,0,0,1,0,0,0,0,1,0,0,0,0,0,1,0,0,7.684401986850512,8.917014402659307,1.8524871355060033,0.0,1,1,1,0,0
0,8943.55,0,1.0,0,61.3,0,6.0,0,1.0,0,1.0,0,1.0,0,3553.25,0,21.3,0,2.3,0,0.0,0,12.8,0,1.0,1,1,1,0,1,0,1,0,0,0,0,1,0,0,0,0,0,1,0,0,2.5170055582917046,9.098799687243037,2.936378466557912,0.14285714285714285,1,0,0,1,0
